{"bt_p13": 4.79047619047617, "bt_p21": 5.151005928208008, "b4_p3": 4.780991735537214, "bt_p24": 2.7214181876918246, "b4_p2": 4.946014095619347, "bt_p4": 3.8578024007387057, "bt_p7": 5.91604171036991, "bt_p3": 8.336267734319193, "bt_p19": 5.985070894953537, "bt_p10": 6.448689691130909, "bt_p25": 6.472800233683159, "bt_p22": 7.888103714353036, "bt_p27": 7.315180023649674, "b1_p4": 6.395129442738039, "b4_p1": 4.653333333333308, "bt_p14": 5.643934473551269, "bt_p2": 7.313466113792401, "b1_p1": 5.538260433732233, "b3_p1": 5.928784233469571, "b3_p3": 4.26354462955436, "b1_p2": 3.3958532441329794, "bt_p18": 6.035171577370306, "bt_p8": 5.265491921524074, "b2_p2": 3.329170735761636, "bt_p12": 5.398658282882593, "bt_p1": 4.475564646948953, "bt_p15": 6.060187192479276, "b3_p2": 6.605153467222408, "bt_p5": 7.467038885103193, "b2_p3": 6.016029734590575, "b3_p4": 5.656169334021683, "b2_p1": 5.302802636909348, "b1_p3": 5.409082875098193, "b4_p4": 3.4670915065219106, "bt_p11": 7.959693482135947, "bt_p6": 7.235894469844993, "bt_p26": 7.8681859881222636, "bt_p29": 6.072972866538009, "bt_p28": 5.825486793907828, "b2_p4": 7.880280970625819, "bt_p16": 7.387857719287354, "bt_p20": 4.791890738369659, "bt_p17": 6.189912652843958, "bt_p23": 6.4235910064002155, "bt_p30": 4.857307249712335, "bt_p9": 5.70698051948051
}
